Sample_ID,Cancer_Type,M_Recist_6236,M_Recist_6291,M_Recist_9805,Ras_Genotype,Tumor_Volume_Change_6236,Tumor_Volume_Change_6291,Tumor_Volume_Change_9805
A427,NSCLC,1_mPD,NA,NA,KRAS G12D,649.5141617,NA,NA
AGS,Gastric,3_mPR,NA,4_mCR,KRAS G12D,-75.52543522,NA,-89.53049313
ASPC1,PDAC,2_mSD,NA,3_mPR,KRAS G12D,-3.995,NA,-62.6672125
BXPC3,PDAC,1_mPD,NA,NA,WT,1210,NA,NA
CAPAN1,PDAC,3_mPR,NA,NA,KRAS G12V,-56.2844098,NA,NA
CAPAN2,PDAC,3_mPR,NA,NA,KRAS G12V,-52.18612512,NA,NA
CRC007,CRC,1_mPD,NA,NA,KRAS G12D,217.9801316,NA,NA
CRC012,CRC,3_mPR,NA,2_mSD,KRAS G12D,-52.0054541,NA,-27.03099649
CRC022,CRC,1_mPD,1_mPD,NA,KRAS G12C,95.29345025,56.1,NA
CRC024,CRC,2_mSD,3_mPR,NA,KRAS G12C,5.228863128,-33.30301113,NA
CRC039,CRC,3_mPR,NA,NA,KRAS G12V,-39.1600948,NA,NA
CRC043,CRC,1_mPD,NA,1_mPD,KRAS G12D,204.3245598,NA,109.6350697
CRC044,CRC,2_mSD,NA,2_mSD,KRAS G12D,-15.95854282,NA,10.95290724
CRC047,CRC,1_mPD,NA,2_mSD,KRAS G12D,34.14072205,NA,-25.71220224
CRC050,CRC,1_mPD,NA,NA,KRAS G12V,51.85185185,NA,NA
CRC051,CRC,3_mPR,NA,NA,KRAS G12V,-38.2170455,NA,NA
CRC054,CRC,1_mPD,NA,1_mPD,KRAS G12D,46.31715667,NA,46.33190333
CRC058,CRC,2_mSD,NA,NA,KRAS G12V,-21.09748804,NA,NA
CRC060,CRC,1_mPD,NA,NA,KRAS G12V,86.53396902,NA,NA
CRC078,CRC,1_mPD,NA,NA,KRAS G12D,99.17141409,NA,NA
CRC1005,CRC,4_mCR,NA,NA,KRAS G12D,-92.1875,NA,NA
CRC1009,CRC,3_mPR,NA,NA,KRAS G12V,-68.16950464,NA,NA
CRC1018,CRC,1_mPD,NA,1_mPD,KRAS G12D,63.35247797,NA,247.3372378
CTG0011,Cholangiocarcinoma,1_mPD,NA,NA,KRAS G12D,177.4127088,NA,NA
CTG0081,CRC,1_mPD,NA,NA,KRAS A146T,39.37619048,NA,NA
CTG0092,CRC,1_mPD,NA,NA,KRAS A146T,117.561985,NA,NA
CTG0163,NSCLC,1_mPD,NA,NA,WT,172.8144063,NA,NA
CTG0192,NSCLC,NA,3_mPR,NA,KRAS G12C,NA,-72.5,NA
CTG0387,CRC,1_mPD,2_mSD,NA,KRAS G12C,58.33008327,-25.2,NA
CTG0743,NSCLC,2_mSD,NA,NA,KRAS G12S,-20.29692733,NA,NA
CTG0796,CRC,1_mPD,NA,NA,KRAS G12A,113.1823819,NA,NA
CTG0828,NSCLC,NA,3_mPR,NA,KRAS G12C,NA,-70.8,NA
CTG0833,CRC,1_mPD,NA,NA,KRAS G13D,335.546419,NA,NA
CTG0835,CRC,1_mPD,NA,NA,KRAS G13D,74.2008946,NA,NA
CTG0868,Ovarian Cancer,2_mSD,NA,NA,KRAS G12D,7.97472644,NA,NA
CTG0973,Melanoma,3_mPR,NA,NA,NRAS Q61R,-59.12858958,NA,NA
CTG1054,CRC,1_mPD,NA,NA,KRAS G13D,183.3303333,NA,NA
CTG1180,Ovarian Cancer,3_mPR,NA,NA,KRAS G12D,-49.56898419,NA,NA
CTG1194,NSCLC,1_mPD,NA,NA,KRAS G12A,36.09889733,NA,NA
CTG1358,NSCLC,4_mCR,NA,NA,KRAS G12V,-92.25698333,NA,NA
CTG1480,Cholangiocarcinoma,1_mPD,NA,NA,KRAS G12D,141.9626652,NA,NA
CTG1489,CRC,1_mPD,1_mPD,NA,KRAS G12C,57.36844067,112.7,NA
CTG1612,NSCLC,3_mPR,NA,NA,KRAS G12D,-38.83157733,NA,NA
CTG1680,NSCLC,NA,4_mCR,NA,KRAS G12C,NA,-94.4,NA
CTG1903,NSCLC,2_mSD,NA,NA,KRAS G12V,1.501968934,NA,NA
CTG1932,NSCLC,1_mPD,NA,2_mSD,KRAS G12D,83.73787967,NA,-30.33374696
CTG1955,NSCLC,2_mSD,NA,NA,KRAS G12V,-21.60519619,NA,NA
CTG2011,NSCLC,NA,3_mPR,NA,KRAS G12C,NA,-80.3,NA
CTG2026,NSCLC,1_mPD,1_mPD,NA,KRAS G12C,372.073139,417.8,NA
CTG2210,NSCLC,NA,3_mPR,NA,KRAS G12C,NA,-68,NA
CTG2393,NSCLC,2_mSD,NA,1_mPD,KRAS G12D,-26.37902247,NA,128.8242493
CTG2466,NSCLC,1_mPD,NA,NA,WT,344.6401799,NA,NA
CTG2487,NSCLC,NA,3_mPR,NA,KRAS G12C,NA,-57.8,NA
CTG2536,NSCLC,1_mPD,1_mPD,NA,KRAS G12C,51.51151398,-23,NA
CTG2539,NSCLC,NA,4_mCR,NA,KRAS G12C,NA,-89.1,NA
CTG2579,NSCLC,2_mSD,3_mPR,NA,KRAS G12C,-27.14888128,-63.4,NA
CTG2719,HNSCC,4_mCR,NA,NA,HRAS G12D,-87.95523833,NA,NA
CTG2751,NSCLC,NA,3_mPR,NA,KRAS G12C,NA,-37.2,NA
CTG2803,NSCLC,4_mCR,NA,4_mCR,KRAS G12D,-82.96246769,NA,-97.2826087
CXF2163,CRC,NA,3_mPR,NA,KRAS G12C,NA,-74.8,NA
ESO155,Esophageal Cancer,1_mPD,NA,NA,WT,304.28304,NA,NA
GP2D,CRC,3_mPR,NA,3_mPR,KRAS G12D,-35.6859485,NA,-52.84719885
HCT116,CRC,1_mPD,NA,NA,KRAS G13D,50.95806334,NA,NA
HPAC,PDAC,4_mCR,NA,4_mCR,KRAS G12D,-85.72701037,NA,-85.786375
HS766T,PDAC,3_mPR,NA,NA,KRAS Q61H,-45.16679557,NA,NA
KP4,PDAC,1_mPD,NA,1_mPD,KRAS G12D,163.4019891,NA,530.6608
LIV254,Cholangiocarcinoma,1_mPD,NA,NA,KRAS G12D,67.762485,NA,NA
LN229,Glioma,1_mPD,NA,NA,WT,188.8589079,NA,NA
LU99,NSCLC,4_mCR,NA,NA,KRAS G12C,-95.51829331,NA,NA
LUN020,NSCLC,4_mCR,NA,4_mCR,KRAS G12D,-93.93939394,NA,-100
LUN023,NSCLC,1_mPD,NA,NA,WT,34.14595679,NA,NA
LUN037,NSCLC,1_mPD,NA,NA,KRAS K117N,49.136199,NA,NA
LUN055,NSCLC,3_mPR,3_mPR,NA,KRAS G12C,-52.50802816,-86.9,NA
LUN092,NSCLC,NA,3_mPR,NA,KRAS G12C,NA,-36.5,NA
LUN109,NSCLC,1_mPD,NA,NA,WT,138.0172267,NA,NA
LUN137,NSCLC,4_mCR,NA,4_mCR,KRAS G12D,-100,NA,-100
LUN232,NSCLC,2_mSD,NA,1_mPD,KRAS G12D,-4.470318213,NA,100.2096194
LUN272,NSCLC,4_mCR,NA,NA,WT,-100,NA,NA
LUN352,NSCLC,2_mSD,NA,NA,KRAS G12V,28.08069751,NA,NA
LXFA1335,NSCLC,2_mSD,2_mSD,NA,KRAS G12C,-0.864699846,2,NA
LXFA2155,NSCLC,NA,3_mPR,NA,KRAS G12C,NA,-64,NA
LXFA2204,NSCLC,4_mCR,NA,4_mCR,KRAS G12D,-96.63895916,NA,-97.12911574
LXFA2250,NSCLC,4_mCR,NA,NA,KRAS G12D,-96.47995745,NA,NA
LXFA592,NSCLC,NA,4_mCR,NA,KRAS G12C,NA,-98.9,NA
LXFA923,NSCLC,NA,4_mCR,NA,KRAS G12C,NA,-81.5,NA
LXFA983,NSCLC,NA,3_mPR,NA,KRAS G12C,NA,-83.8,NA
LXFE1022,NSCLC,NA,2_mSD,NA,KRAS G12C,NA,19.9,NA
LXFE2324,NSCLC,NA,3_mPR,NA,KRAS G12C,NA,-68.3,NA
LXFL1072,NSCLC,NA,3_mPR,NA,KRAS G12C,NA,-76.3,NA
LXFL625,NSCLC,3_mPR,NA,3_mPR,KRAS G12D,-72.20721332,NA,-46.50538614
MEWO,Melanoma,1_mPD,NA,NA,WT,388.59552,NA,NA
MEXF1341,Melanoma,1_mPD,NA,NA,NRAS Q61K,560.0129333,NA,NA
MEXF535,Melanoma,3_mPR,NA,NA,NRAS Q61K,-64.64668667,NA,NA
NCIH1734,NSCLC,2_mSD,NA,NA,KRAS G13C,-4.816635251,NA,NA
NCIH1838,NSCLC,2_mSD,NA,NA,WT,-9.248835336,NA,NA
NCIH1944,NSCLC,1_mPD,NA,NA,KRAS G13D,473.8441755,NA,NA
NCIH1975,NSCLC,1_mPD,NA,NA,WT,425.5287584,NA,NA
NCIH2009,NSCLC,3_mPR,NA,NA,KRAS G12A,-64.36784008,NA,NA
NCIH2030,NSCLC,3_mPR,2_mSD,NA,KRAS G12C,-41.0669573,-22.7,NA
NCIH2122,NSCLC,2_mSD,1_mPD,NA,KRAS G12C,15.15329278,240.4,NA
NCIH358,NSCLC,4_mCR,4_mCR,NA,KRAS G12C,-92.64049242,-96,NA
NCIH441,NSCLC,4_mCR,NA,NA,KRAS G12V,-87.08379752,NA,NA
NCIH460,NSCLC,1_mPD,NA,NA,KRAS Q61H,719.1790715,NA,NA
PAN001,PDAC,3_mPR,NA,4_mCR,KRAS G12D,-54.14645917,NA,-100
PAN003,PDAC,2_mSD,NA,NA,KRAS G12R,-26.56457524,NA,NA
PAN009,PDAC,4_mCR,NA,4_mCR,KRAS G12D,-100,NA,-80.02653732
PAN010,PDAC,3_mPR,NA,3_mPR,KRAS G12D,-39.53570406,NA,-51.65335554
PAN014,PDAC,3_mPR,NA,NA,KRAS G12V,-43.55937115,NA,NA
PAN020,PDAC,2_mSD,NA,NA,KRAS G12R,-13.1362459,NA,NA
PAN022,PDAC,1_mPD,NA,NA,KRAS G12V,144.8872445,NA,NA
PAN026,PDAC,2_mSD,NA,1_mPD,KRAS G12D,26.73220407,NA,36.22619167
PAN028,PDAC,4_mCR,NA,NA,KRAS G12V,-81.20879121,NA,NA
PAN031,PDAC,3_mPR,NA,3_mPR,KRAS G12D,-68.74396682,NA,-70.12401362
PAN035,PDAC,2_mSD,NA,NA,KRAS G12R,29.82716364,NA,NA
PAN038,PDAC,2_mSD,NA,3_mPR,KRAS G12D,9.126911499,NA,-30.83534236
PAN039,PDAC,3_mPR,NA,NA,KRAS G12V,-51.82810364,NA,NA
PAN043,PDAC,4_mCR,NA,NA,KRAS G12V,-92.85787165,NA,NA
PAN045,PDAC,3_mPR,NA,NA,KRAS G12V,-57.2773627,NA,NA
PAN047,PDAC,4_mCR,NA,NA,KRAS G12R,-90.42480123,NA,NA
PAN099,PDAC,2_mSD,NA,NA,WT,-15.7,NA,NA
PAN100,PDAC,1_mPD,NA,NA,WT,279.1,NA,NA
PAN1001,PDAC,2_mSD,NA,NA,KRAS G12R,17.32008054,NA,NA
SKMEL30,Melanoma,2_mSD,NA,NA,NRAS Q61K,-21.15675638,NA,NA
ST026,CRC,NA,1_mPD,NA,KRAS G12C,NA,544.5,NA
ST046,CRC,NA,1_mPD,NA,KRAS G12C,NA,62.6,NA
ST094,CRC,NA,1_mPD,NA,KRAS G12C,NA,101.8,NA
ST1151,NSCLC,1_mPD,NA,NA,KRAS G12A,393.8585412,NA,NA
ST1348,CRC,NA,3_mPR,NA,KRAS G12C,NA,-78.8,NA
ST1756B,CRC,1_mPD,NA,NA,KRAS A146T,394.6059667,NA,NA
ST1885,NSCLC,1_mPD,NA,NA,KRAS G12A,309.7108667,NA,NA
ST230,CRC,NA,2_mSD,NA,KRAS G12C,NA,-6.6,NA
ST2822B,NSCLC,1_mPD,NA,NA,KRAS G13C,113.98344,NA,NA
ST2972,NSCLC,NA,2_mSD,NA,KRAS G12C,NA,-8.6,NA
ST3235,CRC,NA,1_mPD,NA,KRAS G12C,NA,58.5,NA
ST3431,NSCLC,1_mPD,NA,NA,KRAS G13C,76.36522567,NA,NA
ST4368,CRC,NA,1_mPD,NA,KRAS G12C,NA,186.9,NA
ST4661,Ovarian Cancer,3_mPR,NA,NA,KRAS G12V,-47.25770098,NA,NA
ST4859,CRC,NA,2_mSD,NA,KRAS G12C,NA,-11.5,NA
STF167,CRC,NA,1_mPD,NA,KRAS G12C,NA,47.1,NA
STO025,Esophageal Cancer,1_mPD,NA,NA,WT,109.224507,NA,NA
STO247,Gastric,3_mPR,NA,3_mPR,KRAS G12D,-45.32333333,NA,-48.39581489
STO332,Gastric,1_mPD,NA,NA,WT,121.8996599,NA,NA
STO447,Gastric,3_mPR,NA,3_mPR,KRAS G12D,-39.23856287,NA,-58.31852858
STO580,Esophageal Cancer,1_mPD,NA,NA,WT,55.99219524,NA,NA
STO597,Gastric,3_mPR,NA,3_mPR,KRAS G12D,-59.08666667,NA,-50.29008439
SW403,CRC,3_mPR,NA,NA,KRAS G12V,-72.63437104,NA,NA
SW620,CRC,3_mPR,NA,NA,KRAS G12V,-54.02961137,NA,NA
SW837,CRC,NA,3_mPR,NA,KRAS G12C,NA,-59.61382786,NA